"x","y","PointWeight","PointType"
402.5,89.5,1345,"V. Americana"
358,170,3546.732442,"V. Americana"
343,115,3473.227028,"V. Americana"
390,46.5,3216.990877,"V. Americana"
450,12,3058.151953,"V. Americana"
439.5,11,2884.264799,"V. Americana"
302,45.5,2855.778408,"V. Americana"
380,111,2846.31436,"V. Americana"
441,131,2752.537819,"V. Americana"
397,23.5,2533.882971,"V. Americana"
452.5,127,2524.968702,"V. Americana"
337,117,2489.468705,"V. Americana"
300.5,26,2419.222693,"V. Americana"
348.5,79,2393.13962,"V. Americana"
422,79,2324.275909,"V. Americana"
331,23,2189.564416,"V. Americana"
337,131,2156.514861,"V. Americana"
357,39,2099.282897,"V. Americana"
399,57,2058.874161,"V. Americana"
382,38,1987.128039,"V. Americana"
419.5,131.5,1885.74099,"V. Americana"
421,42,1824.668429,"V. Americana"
340.5,8.5,1734.944543,"V. Americana"
341,21,1720.210473,"V. Americana"
385.5,8,1618.831278,"V. Americana"
447.5,47,1590.431281,"V. Americana"
374,175,1569.296216,"V. Americana"
353.5,76,1562.282611,"V. Americana"
386.5,100.5,1534.385268,"V. Americana"
328,35,1534.385268,"V. Americana"
388,53,1534.385268,"V. Americana"
412.5,19,1513.627194,"V. Americana"
374,94,1452.201204,"V. Americana"
350,58.5,1378.85287,"V. Americana"
408,135.5,1326.702432,"V. Americana"
345.5,37,1301.004204,"V. Americana"
438,6,1225.417484,"V. Americana"
314,58.5,1040.621151,"V. Americana"
335,43.5,945.6900746,"V. Americana"
436.5,1.5,945.6900746,"V. Americana"
311,114.5,891.9688402,"V. Americana"
445,17,891.9688402,"V. Americana"
360,79,829.5768101,"V. Americana"
392,182,725.8335667,"V. Americana"
448,132,629.0175351,"V. Americana"
384,25,615.7521601,"V. Americana"
369,24,602.6281568,"V. Americana"
368.5,9,589.6455252,"V. Americana"
382,29.5,589.6455252,"V. Americana"
379.5,45,568.321965,"V. Americana"
449.5,17.5,543.2520556,"V. Americana"
435.5,42.5,535.0210829,"V. Americana"
372.5,200,510.7051557,"V. Americana"
306,9,494.8086969,"V. Americana"
346.5,21,494.8086969,"V. Americana"
442.5,6,494.8086969,"V. Americana"
387,25.5,483.0512864,"V. Americana"
358.5,52,467.5946506,"V. Americana"
424,113.5,437.4353611,"V. Americana"
391.5,125,430.0526183,"V. Americana"
381,3.5,363.050301,"V. Americana"
394,82,352.9893506,"V. Americana"
379.5,21,330.0635782,"V. Americana"
311,76,326.8512997,"V. Americana"
357,55.5,317.308712,"V. Americana"
427,167,311.0255267,"V. Americana"
413.5,187.5,301.7185585,"V. Americana"
455.5,3,301.7185585,"V. Americana"
450,37.5,286.521104,"V. Americana"
338.5,185,271.7163486,"V. Americana"
425.5,98.5,248.8455541,"V. Americana"
397,188,240.5281875,"V. Americana"
447.5,2,235.0618163,"V. Americana"
375,34.5,224.3175694,"V. Americana"
389.5,2,224.3175694,"V. Americana"
378,84.5,206.119894,"V. Americana"
353,191,203.5830579,"V. Americana"
313,83.5,198.5565097,"V. Americana"
381.5,91.5,196.0667975,"V. Americana"
333.5,9.5,183.8538561,"V. Americana"
401,46.5,167.4154725,"V. Americana"
348.5,195.5,165.1299639,"V. Americana"
379.5,14,165.1299639,"V. Americana"
335,184.5,153.93804,"V. Americana"
416.5,1,149.5712262,"V. Americana"
434,17.5,141.0260942,"V. Americana"
465,89,141.0260942,"V. Americana"
386,180.5,120.7628216,"V. Americana"
409,127.5,120.7628216,"V. Americana"
342.5,48,103.8689071,"V. Americana"
445,215,4560.367312,"Q. Rosea"
474,201.5,1878.051942,"Q. Rosea"
481,212.5,183.8538561,"Q. Rosea"
349,149,160.6060704,"Q. Rosea"
359,156,89.92023573,"Q. Rosea"
339.5,168.5,311.0255267,"Q. Rosea"
377,183.5,419.096314,"Q. Rosea"
370,157.5,2231.229788,"Q. Rosea"
377,151,103.8689071,"Q. Rosea"
365,136,642.4242817,"Q. Rosea"
368,137,248.8455541,"Q. Rosea"
390.5,176.5,105.6831769,"Q. Rosea"
427,169.5,1493.010493,"Q. Rosea"
425.5,100.5,226.9800692,"Q. Rosea"
449.5,197.5,3379.85104,"Q. Rosea"
467,188,191.134497,"Q. Rosea"
476,153.5,1908.902382,"Q. Rosea"
480,120,660.5198554,"Q. Rosea"
499.5,105.5,2074.990532,"Q. Rosea"
491,173.5,317.308712,"Q. Rosea"
498,197,78.53981634,"Q. Rosea"
471.5,102,86.59014751,"Q. Rosea"
340,99,1924.42185,"Q. Rosea"
369,79.5,196.0667975,"Q. Rosea"
408,7.5,2846.31436,"Q. Rosea"
406.5,30,2181.278465,"Q. Rosea"
447,12.5,280.5520779,"Q. Rosea"
302,55,1685,"Other"
324,143.5,2680,"Other"
350,25,1999,"Other"
352,197.5,1839,"Other"
357,77.5,963,"Other"
364,2,3993,"Other"
367,173,2409,"Other"
389.5,25.5,4228,"Other"
390,168,3344,"Other"
394,115.5,2233,"Other"
410,135.5,6925,"Other"
424,60,980,"Other"
433,171.5,2680,"Other"
445.5,106,7598,"Other"
453.5,226,10029,"Other"
455.5,4,1839,"Other"
461.5,142,1155,"Other"
464,124,2076,"Other"
470,174.5,6150,"Other"
476,2,2437,"Other"
477,217.5,2437,"Other"
480,189.5,2995,"Other"
497,90,12096,"Other"
461.5,215,6969,"Other"
395,79.5,6068,"Other"
447,207,6068,"Other"
413.5,210.5,5890,"Other"
453,58,5849,"Other"
376,119,5675,"Other"
326,32.5,5648,"Other"
317,133.5,5529,"Other"
310,36,5489,"Other"
483,99,5463,"Other"
362,134,5333,"Other"
353,85,5052,"Other"
354,157.5,5014,"Other"
458,185,5014,"Other"
360,90,4976,"Other"
413.5,54,4951,"Other"
412.5,50,4939,"Other"
457,191,4852,"Other"
381.5,104.5,4778,"Other"
301,201.5,4301,"Other"
401.5,96,4301,"Other"
356,177,4243,"Other"
304,155.5,4208,"Other"
499,125,3926,"Other"
372.5,203.5,3816,"Other"
437,187,3728,"Other"
473,226.5,3675,"Other"
308,217.5,3642,"Other"
346,5.5,3610,"Other"
379.5,191,3578,"Other"
310,206.5,3547,"Other"
390,50,3494,"Other"
484,105.5,3473,"Other"
317,13,3411,"Other"
432.5,45,3380,"Other"
474.5,93.5,3359,"Other"
320,38.5,3308,"Other"
443,167,3217,"Other"
488,142,3217,"Other"
427,24.5,3187,"Other"
434,139,3187,"Other"
326,135.5,3117,"Other"
456.5,98.5,2809,"Other"
363.5,60.5,2725,"Other"
310,192,2679,"Other"
341,170,2669,"Other"
489.5,97,2579,"Other"
315,177,2552,"Other"
445,229,2507,"Other"
401.5,219.5,2489,"Other"
421.5,16.5,2489,"Other"
379.5,76,2463,"Other"
379.5,56,2437,"Other"
326.5,123.5,2411,"Other"
492.5,188,2393,"Other"
375,45.5,2384,"Other"
310.5,239.5,2367,"Other"
470,20,2350,"Other"
418.5,33,2324,"Other"
398,191,2299,"Other"
378,68,2256,"Other"
461,217,2248,"Other"
425,56.5,2165,"Other"
450,220.5,2165,"Other"
453,123,2157,"Other"
446.5,155,2140,"Other"
332,155,2124,"Other"
394,213,2124,"Other"
498,165,2124,"Other"
342.5,136,2091,"Other"
318.5,166.5,2059,"Other"
402,158.5,2059,"Other"
315,42,2027,"Other"
449.5,156.5,2027,"Other"
354.5,67,1987,"Other"
444,35,1971,"Other"
412.5,196.5,1963,"Other"
438,28,1963,"Other"
491.5,198.5,1948,"Other"
375,17,1940,"Other"
465,208.5,1924,"Other"
331.5,43.5,1909,"Other"
342,131.5,1909,"Other"
405,182.5,1909,"Other"
469,5,1863,"Other"
426.5,67,1825,"Other"
354.5,121,1817,"Other"
301.5,90,1802,"Other"
369.5,152,1802,"Other"
412,175.5,1787,"Other"
345,117,1765,"Other"
456,127,1765,"Other"
343,72,1742,"Other"
379,51.5,1742,"Other"
426.5,160.5,1742,"Other"
489,166.5,1742,"Other"
342,10,1735,"Other"
476,113,1735,"Other"
341,91,1720,"Other"
374.5,34,1720,"Other"
493,90,1720,"Other"
305,95,1698,"Other"
398,143,1698,"Other"
344.5,160,1676,"Other"
323.5,249.5,1662,"Other"
385,48.5,1662,"Other"
469,93.5,1662,"Other"
315,87,1647,"Other"
471.5,113.5,1647,"Other"
352,103,1626,"Other"
383,148,1619,"Other"
316,91,1605,"Other"
319,143.5,1605,"Other"
393.5,9,1605,"Other"
425,91,1605,"Other"
352.5,111.5,1583,"Other"
385,128,1569,"Other"
354.5,83,1562,"Other"
443.5,219.5,1562,"Other"
482.5,156,1562,"Other"
395.5,1,1548,"Other"
414,88.5,1534,"Other"
463,161,1527,"Other"
368.5,209,1514,"Other"
435,135,1514,"Other"
472,108,1514,"Other"
497.5,120,1507,"Other"
301,175.5,1493,"Other"
305,209,1493,"Other"
364,10,1479,"Other"
444,173,1479,"Other"
484.5,151,1473,"Other"
406,36,1459,"Other"
413,137.5,1459,"Other"
453,150,1459,"Other"
314,70,1452,"Other"
467,45,1452,"Other"
314,62.5,1439,"Other"
333.5,10.5,1439,"Other"
339,55,1439,"Other"
475,224,1439,"Other"
308,189.5,1432,"Other"
399,221,1432,"Other"
436,99,1432,"Other"
440,188,1432,"Other"
439.5,194,1419,"Other"
443,68.5,1419,"Other"
320,182.5,1405,"Other"
383.5,177,1405,"Other"
496,134,1405,"Other"
388,18,1399,"Other"
312,53,1385,"Other"
317,35.5,1385,"Other"
392.5,107,1385,"Other"
390.5,32.5,1379,"Other"
405.5,148.5,1379,"Other"
423,134,1379,"Other"
455,30,1379,"Other"
380,98,1353,"Other"
388,106,1353,"Other"
419,5.5,1353,"Other"
431,160,1353,"Other"
446,110.5,1353,"Other"
482.5,127.5,1353,"Other"
389,128,1333,"Other"
354,18.5,1327,"Other"
429,34,1327,"Other"
446,2,1327,"Other"
358.5,165,1314,"Other"
422,107.5,1314,"Other"
329.5,49.5,1301,"Other"
385,106.5,1301,"Other"
428,110,1301,"Other"
458,52,1301,"Other"
365.5,99,1282,"Other"
348,79,1276,"Other"
375,76,1276,"Other"
388.5,219.5,1263,"Other"
426.5,122.5,1263,"Other"
328,153.5,1250,"Other"
395.5,38,1244,"Other"
402.5,164.5,1232,"Other"
498,111.5,1232,"Other"
350,13,1225,"Other"
413.5,22,1225,"Other"
495,122,1225,"Other"
369.5,1,1213,"Other"
403,176.5,1213,"Other"
434,13,1213,"Other"
410.5,101,1207,"Other"
433,81,1195,"Other"
349.5,155.5,1182,"Other"
375,83.5,1182,"Other"
436.5,3,1182,"Other"
449,55,1182,"Other"
453,134.5,1182,"Other"
379.5,140,1176,"Other"
460,215,1176,"Other"
363.5,188.5,1164,"Other"
371,201,1164,"Other"
379.5,0.5,1164,"Other"
390,115,1164,"Other"
464,156,1164,"Other"
468,133,1164,"Other"
317,31,1158,"Other"
328.5,64,1158,"Other"
387,189,1158,"Other"
307,149.5,1146,"Other"
330,143,1146,"Other"
408,168,1146,"Other"
427,152,1146,"Other"
428.5,99,1146,"Other"
437,75,1146,"Other"
477,155,1146,"Other"
496,127,1146,"Other"
442.5,197,1134,"Other"
311,23,1128,"Other"
341,35,1128,"Other"
450,117,1128,"Other"
453.5,183.5,1128,"Other"
474,114.5,1128,"Other"
305,40,1116,"Other"
440.5,86,1116,"Other"
448,144.5,1116,"Other"
487,151.5,1116,"Other"
340,200,1110,"Other"
353.5,19.5,1110,"Other"
417.5,144,1110,"Other"
444.5,121,1110,"Other"
462.5,113.5,1110,"Other"
430.5,210.5,1099,"Other"
349,38,1087,"Other"
413.5,175,1087,"Other"
414,176,1087,"Other"
429,32,1087,"Other"
449,87,1087,"Other"
494.5,159.5,1087,"Other"
330.5,19.5,1081,"Other"
371.5,146,1081,"Other"
399.5,96.5,1069,"Other"
360,50,1064,"Other"
396,122,1064,"Other"
425,196,1064,"Other"
363.5,120.5,1052,"Other"
419.5,105,1052,"Other"
495.5,173,1052,"Other"
367.5,54,1041,"Other"
373.5,67.5,1041,"Other"
425,105,1041,"Other"
411,47.5,1035,"Other"
411.5,159.5,1035,"Other"
418,166,1035,"Other"
467,181.5,1035,"Other"
433,48,1024,"Other"
314.5,176,1018,"Other"
316,131,1018,"Other"
316,24,1007,"Other"
344,27.5,1007,"Other"
470,131.5,1007,"Other"
322,177,1001,"Other"
398,214.5,1001,"Other"
481,192.5,1001,"Other"
480,90,990,"Other"
486,173,990,"Other"
353,157,979,"Other"
460,44,979,"Other"
470,10.5,979,"Other"
478,190,979,"Other"
317,34,973,"Other"
372,164.5,973,"Other"
437,108,973,"Other"
464,104,973,"Other"
468,197,973,"Other"
323.5,72.5,962,"Other"
334.5,50,962,"Other"
346,44,962,"Other"
387,117.5,962,"Other"
405,155,962,"Other"
449,210,962,"Other"
462,201,962,"Other"
476,1.5,962,"Other"
489.5,201.5,962,"Other"
363.5,93.5,957,"Other"
390,4.5,957,"Other"
303,156,946,"Other"
379,209,946,"Other"
416.5,124.5,946,"Other"
458,36,946,"Other"
470.5,179,946,"Other"
474,226,946,"Other"
324,90,935,"Other"
312.5,73.5,929,"Other"
376,217,929,"Other"
385.5,169.5,929,"Other"
412,10.5,929,"Other"
416,25.5,929,"Other"
429,23,929,"Other"
446,206,929,"Other"
346,153.5,919,"Other"
454,121.5,919,"Other"
487.5,113,919,"Other"
316,135.5,913,"Other"
420.5,147,913,"Other"
353.5,199.5,903,"Other"
444.5,143.5,903,"Other"
460,1,903,"Other"
321.5,177.5,892,"Other"
363,125.5,892,"Other"
369,196,892,"Other"
434,96,892,"Other"
307,203.5,887,"Other"
344,193,887,"Other"
426,124,887,"Other"
484,132.5,887,"Other"
365,213,876,"Other"
403,164.5,876,"Other"
427.5,171,876,"Other"
457,167,876,"Other"
466.5,144,876,"Other"
307,99.5,871,"Other"
414.5,121,871,"Other"
448.5,91,871,"Other"
484.5,148.5,871,"Other"
302,32,860,"Other"
349,51.5,860,"Other"
382,15,860,"Other"
432.5,196,860,"Other"
476,218,860,"Other"
348.5,2.5,850,"Other"
382,99,850,"Other"
392.5,93,850,"Other"
406,23,850,"Other"
308.5,5.5,845,"Other"
372,61.5,845,"Other"
377.5,184,845,"Other"
334,133.5,835,"Other"
389,191.5,835,"Other"
447,125,835,"Other"
453.5,82.5,835,"Other"
471,150,835,"Other"
312,13.5,830,"Other"
420,82,830,"Other"
432.5,16.5,830,"Other"
498,163.5,830,"Other"
372,76.5,819,"Other"
384.5,101,819,"Other"
392.5,163.5,809,"Other"
396,32,809,"Other"
422.5,87,809,"Other"
431.5,172.5,809,"Other"
362,38,804,"Other"
383,61,804,"Other"
423,129,804,"Other"
428,145.5,804,"Other"
305,181,794,"Other"
359.5,58,794,"Other"
364,59.5,794,"Other"
375,9.5,794,"Other"
392.5,56.5,794,"Other"
436.5,227,794,"Other"
440,20.5,794,"Other"
450,194.5,794,"Other"
473.5,197,794,"Other"
476,127,794,"Other"
483.5,168.5,794,"Other"
487,160,794,"Other"
488,211.5,794,"Other"
322.5,75,789,"Other"
336,123,789,"Other"
361.5,210.5,789,"Other"
451.5,185.5,789,"Other"
458,87,789,"Other"
406,196,779,"Other"
410,135.5,779,"Other"
328.5,151,774,"Other"
334,101.5,774,"Other"
334,190,774,"Other"
363,163.5,774,"Other"
386,8,774,"Other"
441.5,166.5,774,"Other"
335,95,765,"Other"
375,130,765,"Other"
406,5.5,755,"Other"
455,150,755,"Other"
469,172,755,"Other"
471,185.5,755,"Other"
308,21,750,"Other"
367,40,750,"Other"
386,217,750,"Other"
400,158,750,"Other"
411.5,19,750,"Other"
462,22.5,750,"Other"
354,37.5,740,"Other"
377.5,219.5,740,"Other"
387,139,740,"Other"
399.5,52.5,740,"Other"
477.5,211,740,"Other"
328.5,185.5,735,"Other"
341,178,735,"Other"
365,171.5,735,"Other"
371.5,175,735,"Other"
400.5,117.5,735,"Other"
404.5,138,735,"Other"
412.5,187,735,"Other"
453,88.5,735,"Other"
310.5,37,726,"Other"
398.5,73.5,726,"Other"
361,98,716,"Other"
369.5,179,716,"Other"
370.5,199,716,"Other"
404,86,712,"Other"
439.5,40,712,"Other"
497,120,712,"Other"
325,65,702,"Other"
344.5,46,702,"Other"
349,16,702,"Other"
360,13,702,"Other"
377,14.5,702,"Other"
453.5,44.5,702,"Other"
302,223,697,"Other"
307.5,68.5,697,"Other"
373.5,179,697,"Other"
447,151,697,"Other"
450.5,51,697,"Other"
398,117,688,"Other"
406.5,1,688,"Other"
412.5,70.5,688,"Other"
335.5,108.5,679,"Other"
365,25,674,"Other"
375.5,9,674,"Other"
395,163.5,674,"Other"
397.5,197.5,674,"Other"
413.5,156,674,"Other"
445.5,30,674,"Other"
463.5,10,674,"Other"
474,142,674,"Other"
355,90.5,665,"Other"
374,118,665,"Other"
385,134,661,"Other"
404,181.5,661,"Other"
472,137.5,661,"Other"
318,87.5,651,"Other"
357,143,651,"Other"
380,158.5,651,"Other"
401.5,194.5,651,"Other"
420,131,651,"Other"
318,147,642,"Other"
380,31,642,"Other"
419.5,23,642,"Other"
452.5,157,642,"Other"
495,193,642,"Other"
304,4.5,638,"Other"
425,200,638,"Other"
425.5,110,638,"Other"
446,93.5,638,"Other"
460,197.5,638,"Other"
478.5,123,638,"Other"
482.5,221.5,638,"Other"
313.5,241.5,629,"Other"
327,12,629,"Other"
371.5,185.5,629,"Other"
409,147,629,"Other"
445,48.5,625,"Other"
452,103,625,"Other"
453,143.5,625,"Other"
350,162.5,616,"Other"
380,31,616,"Other"
467,15,616,"Other"
402.5,170,611,"Other"
435,62,611,"Other"
488,94,611,"Other"
389.5,135,603,"Other"
406,43.5,603,"Other"
442,105.5,603,"Other"
453,193,603,"Other"
456,53,603,"Other"
460,190,603,"Other"
472.5,4.5,603,"Other"
367,59.5,594,"Other"
414.5,80,590,"Other"
416,135.5,590,"Other"
441,98,590,"Other"
443,157.5,590,"Other"
308,89,581,"Other"
335.5,172.5,581,"Other"
362,132,581,"Other"
373,193,581,"Other"
382.5,180,581,"Other"
395,85,581,"Other"
398,108,581,"Other"
460,220,581,"Other"
492,179.5,581,"Other"
418.5,99,577,"Other"
422.5,101,577,"Other"
462,127,577,"Other"
470,162,577,"Other"
496,209.5,577,"Other"
314,46,568,"Other"
386,75,568,"Other"
449.5,206,568,"Other"
494,151,568,"Other"
402.5,66,560,"Other"
407,13,560,"Other"
461,39,560,"Other"
471.5,98,560,"Other"
496,90,560,"Other"
316,44,556,"Other"
328,56,556,"Other"
334,88,556,"Other"
375.5,101.5,556,"Other"
381,100.5,556,"Other"
396.5,107,556,"Other"
406.5,85,556,"Other"
424.5,150,556,"Other"
460,107,556,"Other"
338,134,547,"Other"
350.5,141.5,547,"Other"
399.5,23.5,547,"Other"
341.5,100,543,"Other"
383.5,159,543,"Other"
341,202,535,"Other"
375,100,535,"Other"
448.5,135.5,535,"Other"
456,17,535,"Other"
305,243.5,527,"Other"
364,141,527,"Other"
401,219.5,527,"Other"
420,119,527,"Other"
450,175,527,"Other"
461.5,120,527,"Other"
464.5,157,527,"Other"
492,202,527,"Other"
305,175.5,523,"Other"
361.5,87,523,"Other"
377,45,523,"Other"
401,12.5,523,"Other"
417,35,523,"Other"
434.5,135.5,523,"Other"
315,247.5,515,"Other"
355,45.5,515,"Other"
376,94.5,515,"Other"
399,9,515,"Other"
404.5,146.5,515,"Other"
414,62.5,515,"Other"
419,34,515,"Other"
420,197.5,515,"Other"
475.5,220,515,"Other"
378.5,45,511,"Other"
443.5,112,511,"Other"
450.5,131,511,"Other"
470,94.5,511,"Other"
413,51,503,"Other"
443,151,503,"Other"
457,135,503,"Other"
318,10,495,"Other"
329,185,495,"Other"
402,202,495,"Other"
428,74,495,"Other"
496.5,203,495,"Other"
339.5,112.5,491,"Other"
377,138,491,"Other"
385.5,142,491,"Other"
404.5,114.5,491,"Other"
439,87,491,"Other"
486.5,177,491,"Other"
325,129,483,"Other"
402.5,26.5,483,"Other"
447.5,107,483,"Other"
448.5,200.5,483,"Other"
462.5,27,483,"Other"
499.5,154.5,483,"Other"
320,42,479,"Other"
362.5,182,479,"Other"
364.5,199,479,"Other"
401,162.5,479,"Other"
437,63.5,479,"Other"
494.5,136.5,479,"Other"
330,174.5,471,"Other"
351.5,74,471,"Other"
353.5,53,471,"Other"
364,65,471,"Other"
378,123,471,"Other"
389.5,140.5,471,"Other"
419,171.5,471,"Other"
426,109,471,"Other"
443,180,471,"Other"
460,223,471,"Other"
478.5,156.5,471,"Other"
358.5,80.5,468,"Other"
370,127,468,"Other"
468,191,468,"Other"
362.5,144,460,"Other"
418.5,117,460,"Other"
429,98,460,"Other"
446,29.5,460,"Other"
468,148.5,460,"Other"
304,74.5,452,"Other"
322,2,452,"Other"
343,78,452,"Other"
417.5,205,452,"Other"
448,229,452,"Other"
472,201,452,"Other"
495.5,104.5,452,"Other"
334.5,122,449,"Other"
341.5,150,449,"Other"
342.5,93,449,"Other"
343.5,127,449,"Other"
345.5,141,449,"Other"
369,126,449,"Other"
391.5,122,449,"Other"
432,15,449,"Other"
438,37.5,449,"Other"
377,195.5,441,"Other"
385,86.5,441,"Other"
427.5,188,441,"Other"
474,179.5,441,"Other"
497,215,441,"Other"
355,55,437,"Other"
369.5,107.5,437,"Other"
374.5,70,437,"Other"
437.5,163.5,437,"Other"
443.5,204,437,"Other"
472.5,158,437,"Other"
478,92.5,437,"Other"
304,245.5,430,"Other"
369,172,430,"Other"
380.5,135.5,430,"Other"
433,129.5,430,"Other"
459.5,188,430,"Other"
313.5,177,423,"Other"
336,31.5,423,"Other"
395.5,17.5,423,"Other"
410,29,423,"Other"
419.5,93,423,"Other"
427.5,17,423,"Other"
444,210,423,"Other"
327,110,419,"Other"
366,32.5,419,"Other"
398,78,419,"Other"
489,126,419,"Other"
338.5,163,412,"Other"
386,64,412,"Other"
410,40,412,"Other"
424,30,412,"Other"
435,71.5,412,"Other"
480,139.5,412,"Other"
486,109,412,"Other"
329,147,408,"Other"
333,35,408,"Other"
354,186.5,408,"Other"
360,147,408,"Other"
370,44,408,"Other"
411,205.5,408,"Other"
418,182.5,408,"Other"
453,161,408,"Other"
316,162.5,401,"Other"
329,157,401,"Other"
333.5,91.5,401,"Other"
348,134,401,"Other"
381,193.5,401,"Other"
398.5,161,401,"Other"
422,161,401,"Other"
325.5,156,394,"Other"
368.5,136.5,394,"Other"
448,117,394,"Other"
344.5,37.5,391,"Other"
355.5,184.5,391,"Other"
364,4,391,"Other"
374.5,145,391,"Other"
405,121.5,391,"Other"
423.5,73,391,"Other"
428,53,391,"Other"
447,136,391,"Other"
457.5,202,391,"Other"
482,137.5,391,"Other"
307,78,384,"Other"
308.5,197.5,384,"Other"
310,115.5,384,"Other"
323.5,168,384,"Other"
340,171,384,"Other"
409.5,49.5,384,"Other"
416.5,185,384,"Other"
418,56.5,384,"Other"
430,55,384,"Other"
438,138.5,384,"Other"
457,100,384,"Other"
462,183.5,384,"Other"
328,49,380,"Other"
364,42,380,"Other"
425.5,187,380,"Other"
434,151.5,380,"Other"
454,199.5,380,"Other"
462,182,380,"Other"
313,92.5,373,"Other"
315.5,18.5,373,"Other"
339,70,373,"Other"
351.5,137.5,373,"Other"
412.5,164,373,"Other"
417,142,373,"Other"
425,150,373,"Other"
434,61,373,"Other"
446.5,172,373,"Other"
302,187.5,366,"Other"
306,150,366,"Other"
318,103.5,366,"Other"
348.5,194,366,"Other"
353,166,366,"Other"
362,115.5,366,"Other"
369,23,366,"Other"
397,180.5,366,"Other"
432.5,219,366,"Other"
443.5,36.5,366,"Other"
483.5,220,366,"Other"
494,156,366,"Other"
317,125.5,363,"Other"
336,179,363,"Other"
418,113.5,363,"Other"
473,177.5,363,"Other"
319.5,176,356,"Other"
431,4,356,"Other"
456,115,356,"Other"
459,120.5,356,"Other"
484,198.5,356,"Other"
311,221.5,353,"Other"
316.5,10.5,353,"Other"
331.5,184.5,353,"Other"
358.5,95.5,353,"Other"
395,192,353,"Other"
400,199,353,"Other"
407.5,101.5,353,"Other"
434.5,176,353,"Other"
440,195,353,"Other"
459,126,353,"Other"
478.5,180.5,353,"Other"
498,153,353,"Other"
333,62,346,"Other"
338.5,161.5,346,"Other"
343,176,346,"Other"
361,3,346,"Other"
410.5,128,346,"Other"
454,1,346,"Other"
460,128,346,"Other"
466.5,206.5,346,"Other"
473,195,346,"Other"
324,67,340,"Other"
342,23.5,340,"Other"
346.5,20.5,340,"Other"
358,27,340,"Other"
365,18.5,340,"Other"
403.5,160,340,"Other"
420,53.5,340,"Other"
428,118,340,"Other"
441,140.5,340,"Other"
460,208,340,"Other"
319,97.5,337,"Other"
320.5,118.5,337,"Other"
337.5,193.5,337,"Other"
345.5,47.5,337,"Other"
358,71.5,337,"Other"
359,69,337,"Other"
361,45.5,337,"Other"
370,18.5,337,"Other"
383,99,337,"Other"
411,152,337,"Other"
440,80,337,"Other"
447,14,337,"Other"
450,7,337,"Other"
488.5,137.5,337,"Other"
304,5.5,330,"Other"
318,245.5,330,"Other"
329.5,91.5,330,"Other"
338,119.5,330,"Other"
341.5,75.5,330,"Other"
358,103,330,"Other"
368.5,112.5,330,"Other"
401.5,156.5,330,"Other"
446,106,330,"Other"
446,193.5,330,"Other"
463.5,149,330,"Other"
490,130,330,"Other"
494,193.5,330,"Other"
310,232.5,327,"Other"
319.5,185,327,"Other"
324.5,80,327,"Other"
370,53.5,327,"Other"
378,50.5,327,"Other"
386,3,327,"Other"
422,109.5,327,"Other"
431.5,185.5,327,"Other"
438,167,327,"Other"
450.5,138.5,327,"Other"
458,175.5,327,"Other"
322.5,114,320,"Other"
329.5,133,320,"Other"
330,137,320,"Other"
349,31,320,"Other"
388.5,18,320,"Other"
401.5,219.5,320,"Other"
415,164,320,"Other"
302.5,80,317,"Other"
323,72.5,317,"Other"
335.5,185,317,"Other"
339.5,194,317,"Other"
366,17,317,"Other"
410,151,317,"Other"
411.5,90.5,317,"Other"
416.5,62.5,317,"Other"
431,183.5,317,"Other"
445,12.5,317,"Other"
469.5,106.5,317,"Other"
308,47,311,"Other"
308,129,311,"Other"
317,121,311,"Other"
318.5,2,311,"Other"
322,54,311,"Other"
335,136.5,311,"Other"
345.5,124,311,"Other"
346,73,311,"Other"
357.5,61.5,311,"Other"
384.5,216,311,"Other"
415.5,1,311,"Other"
417.5,139,311,"Other"
447.5,207.5,311,"Other"
331,77,305,"Other"
351.5,113,305,"Other"
352,83.5,305,"Other"
358.5,50.5,305,"Other"
393.5,149,305,"Other"
397,43,305,"Other"
413.5,104,305,"Other"
421,13,305,"Other"
421,212,305,"Other"
424,214.5,305,"Other"
429.5,188.5,305,"Other"
433.5,198,305,"Other"
438.5,177,305,"Other"
439,157,305,"Other"
457,227,305,"Other"
463.5,90,305,"Other"
486.5,148,305,"Other"
307.5,51,302,"Other"
323.5,15,302,"Other"
338,43,302,"Other"
362.5,86,302,"Other"
374,179,302,"Other"
394.5,84,302,"Other"
424,141.5,302,"Other"
431,58,302,"Other"
490,209.5,302,"Other"
497,140,302,"Other"
307,120,296,"Other"
317,157.5,296,"Other"
322,169,296,"Other"
366,155,296,"Other"
404,43,296,"Other"
410,141,296,"Other"
417.5,153,296,"Other"
424.5,181.5,296,"Other"
435.5,176,296,"Other"
439.5,178.5,296,"Other"
452.5,92,296,"Other"
456,50,296,"Other"
461,175.5,296,"Other"
469.5,115,296,"Other"
472,134.5,296,"Other"
477.5,199,296,"Other"
304,171.5,293,"Other"
312,247.5,293,"Other"
315,249.5,293,"Other"
316.5,154.5,293,"Other"
317,93.5,293,"Other"
330,80.5,293,"Other"
343.5,134,293,"Other"
350,176,293,"Other"
368,75.5,293,"Other"
381.5,118.5,293,"Other"
413,200,293,"Other"
421,186,293,"Other"
422,227,293,"Other"
473,187.5,293,"Other"
313.5,120,287,"Other"
320,82,287,"Other"
322,182,287,"Other"
337,1.5,287,"Other"
340,144,287,"Other"
385,69,287,"Other"
386,135,287,"Other"
398,100,287,"Other"
409.5,92,287,"Other"
415,160.5,287,"Other"
422,11,287,"Other"
433,9,287,"Other"
439,178,287,"Other"
441,191,287,"Other"
449.5,97,287,"Other"
454,170,287,"Other"
459,14,287,"Other"
459,30.5,287,"Other"
464,191,287,"Other"
482.5,197.5,287,"Other"
354,74.5,281,"Other"
364.5,106,281,"Other"
375.5,5,281,"Other"
401,33,281,"Other"
450.5,195.5,281,"Other"
453,167,281,"Other"
456.5,170,281,"Other"
470,130,281,"Other"
324,117,278,"Other"
356,8.5,278,"Other"
374,130.5,278,"Other"
394,187,278,"Other"
405,68.5,278,"Other"
406,84.5,278,"Other"
425,134,278,"Other"
443.5,146,278,"Other"
445.5,142,278,"Other"
450.5,41,278,"Other"
461.5,221,278,"Other"
467,7.5,278,"Other"
489,171.5,278,"Other"
345,173.5,272,"Other"
350,183,272,"Other"
367,69,272,"Other"
377,151.5,272,"Other"
390,25,272,"Other"
401,136,272,"Other"
403,57.5,272,"Other"
418,87,272,"Other"
435,80.5,272,"Other"
435.5,47,272,"Other"
466.5,18.5,272,"Other"
469,141,272,"Other"
482.5,100.5,272,"Other"
483,154.5,272,"Other"
500,142.5,272,"Other"
305,156.5,269,"Other"
305,168.5,269,"Other"
314,142,269,"Other"
323,136.5,269,"Other"
333,61.5,269,"Other"
345,53,269,"Other"
346.5,163.5,269,"Other"
348.5,68.5,269,"Other"
364,120.5,269,"Other"
389,29,269,"Other"
390,139,269,"Other"
391.5,195,269,"Other"
394.5,116.5,269,"Other"
416,105,269,"Other"
416.5,152.5,269,"Other"
427,7,269,"Other"
431.5,149,269,"Other"
463,93.5,269,"Other"
467,175,269,"Other"
305,165.5,263,"Other"
310,237.5,263,"Other"
337,122,263,"Other"
373.5,99,263,"Other"
433.5,56,263,"Other"
444,104,263,"Other"
451.5,110,263,"Other"
453,156,263,"Other"
471,168,263,"Other"
472.5,125.5,263,"Other"
480,88,263,"Other"
497,188.5,263,"Other"
342,158,257,"Other"
404,17.5,257,"Other"
427,15,257,"Other"
438.5,113,257,"Other"
448,85,257,"Other"
455.5,51,257,"Other"
460,53.5,257,"Other"
313,57.5,254,"Other"
314.5,165.5,254,"Other"
319.5,41,254,"Other"
329.5,7,254,"Other"
333,42.5,254,"Other"
360,132.5,254,"Other"
393,27,254,"Other"
397,25.5,254,"Other"
398,21.5,254,"Other"
400,23,254,"Other"
413,125,254,"Other"
417,205,254,"Other"
432,206,254,"Other"
478,151,254,"Other"
496.5,103.5,254,"Other"
498,193,254,"Other"
309.5,216.5,249,"Other"
387,203.5,249,"Other"
407,31.5,249,"Other"
410.5,97,249,"Other"
414,104.5,249,"Other"
414.5,197.5,249,"Other"
418.5,154.5,249,"Other"
419,5.5,249,"Other"
427,225.5,249,"Other"
434,112.5,249,"Other"
482,206,249,"Other"
499.5,162,249,"Other"
313,104.5,246,"Other"
325.5,67,246,"Other"
331.5,161,246,"Other"
334,3,246,"Other"
339.5,171.5,246,"Other"
344.5,147.5,246,"Other"
349.5,125.5,246,"Other"
352,1,246,"Other"
379,81.5,246,"Other"
385,197,246,"Other"
398,13,246,"Other"
399.5,18,246,"Other"
410.5,163,246,"Other"
413.5,208.5,246,"Other"
415,13,246,"Other"
418.5,171.5,246,"Other"
423,53,246,"Other"
444,199.5,246,"Other"
450,126,246,"Other"
468,122,246,"Other"
304,54,241,"Other"
316,68,241,"Other"
320.5,22.5,241,"Other"
329,136,241,"Other"
339,22.5,241,"Other"
343.5,181,241,"Other"
349.5,105.5,241,"Other"
352,139.5,241,"Other"
356,107.5,241,"Other"
356.5,74.5,241,"Other"
359,209,241,"Other"
373,211.5,241,"Other"
431.5,46.5,241,"Other"
434,88,241,"Other"
444.5,67,241,"Other"
453,6.5,241,"Other"
487.5,144,241,"Other"
493,140,241,"Other"
302.5,237.5,235,"Other"
324,56,235,"Other"
340.5,90,235,"Other"
342.5,165,235,"Other"
355,205,235,"Other"
366,89,235,"Other"
369.5,43,235,"Other"
375,141.5,235,"Other"
377,10.5,235,"Other"
378,186.5,235,"Other"
384,191.5,235,"Other"
388,21,235,"Other"
394.5,112.5,235,"Other"
402.5,3.5,235,"Other"
411,182,235,"Other"
412,159.5,235,"Other"
425.5,81,235,"Other"
429.5,145,235,"Other"
440,36,235,"Other"
445.5,117,235,"Other"
452,175,235,"Other"
453.5,211,235,"Other"
457,213.5,235,"Other"
477,186.5,235,"Other"
497,179,235,"Other"
302,61,232,"Other"
320,77,232,"Other"
324,17,232,"Other"
324,129,232,"Other"
349,135,232,"Other"
376,126,232,"Other"
381.5,164,232,"Other"
414.5,108.5,232,"Other"
414.5,135,232,"Other"
424,12.5,232,"Other"
428,154.5,232,"Other"
438,207,232,"Other"
462.5,158,232,"Other"
463,101,232,"Other"
465,27,232,"Other"
465,218,232,"Other"
465.5,35.5,232,"Other"
472.5,209,232,"Other"
478,201,232,"Other"
483,118.5,232,"Other"
500,148,232,"Other"
300.5,0.5,227,"Other"
306.5,166,227,"Other"
327.5,90.5,227,"Other"
335,155,227,"Other"
336.5,20.5,227,"Other"
357,189.5,227,"Other"
358,22,227,"Other"
358.5,170,227,"Other"
360,104.5,227,"Other"
361.5,173.5,227,"Other"
366,7,227,"Other"
370,123,227,"Other"
372.5,37.5,227,"Other"
390,215.5,227,"Other"
392.5,165.5,227,"Other"
407.5,128.5,227,"Other"
408.5,164,227,"Other"
417.5,220,227,"Other"
443,152.5,227,"Other"
448,220,227,"Other"
451.5,183,227,"Other"
468.5,112.5,227,"Other"
475,148,227,"Other"
492,90.5,227,"Other"
307,10.5,224,"Other"
309,108.5,224,"Other"
335.5,84,224,"Other"
343,110,224,"Other"
348.5,22,224,"Other"
357.5,193.5,224,"Other"
376,37,224,"Other"
378,108.5,224,"Other"
383,121,224,"Other"
389,63,224,"Other"
396.5,171,224,"Other"
399,125,224,"Other"
401.5,97.5,224,"Other"
405,32,224,"Other"
412.5,181,224,"Other"
417,148,224,"Other"
420.5,111,224,"Other"
437.5,70,224,"Other"
447,111.5,224,"Other"
448.5,197.5,224,"Other"
449,189.5,224,"Other"
453,226.5,224,"Other"
465.5,43,224,"Other"
467,15.5,224,"Other"
473.5,153.5,224,"Other"
473.5,220.5,224,"Other"
478.5,179,224,"Other"
491.5,147.5,224,"Other"
492,195,224,"Other"
497.5,137,224,"Other"
311.5,92,219,"Other"
322.5,57,219,"Other"
326,158,219,"Other"
329.5,27,219,"Other"
336,3,219,"Other"
376,174.5,219,"Other"
386,118,219,"Other"
393,62,219,"Other"
396,76,219,"Other"
401,197.5,219,"Other"
421,137.5,219,"Other"
430.5,219.5,219,"Other"
437,2.5,219,"Other"
439,142.5,219,"Other"
452,91.5,219,"Other"
304,195,216,"Other"
308,104.5,216,"Other"
322,9.5,216,"Other"
322.5,148,216,"Other"
335.5,196.5,216,"Other"
343.5,64,216,"Other"
356,156.5,216,"Other"
376,122.5,216,"Other"
393,164.5,216,"Other"
428,105.5,216,"Other"
430,27.5,216,"Other"
457.5,176,216,"Other"
482,149.5,216,"Other"
494,107,216,"Other"
325,59,211,"Other"
346,57,211,"Other"
349,56.5,211,"Other"
360,37,211,"Other"
372.5,99.5,211,"Other"
433,34.5,211,"Other"
434,136,211,"Other"
452,207.5,211,"Other"
487.5,118,211,"Other"
491,117,211,"Other"
498,134,211,"Other"
302,62.5,206,"Other"
309,106.5,206,"Other"
314,5,206,"Other"
315.5,93.5,206,"Other"
335.5,76.5,206,"Other"
341,68,206,"Other"
341,145.5,206,"Other"
347.5,126,206,"Other"
348,59,206,"Other"
350,7,206,"Other"
359,30,206,"Other"
363,198.5,206,"Other"
368.5,115,206,"Other"
382.5,38.5,206,"Other"
397.5,2,206,"Other"
403,191,206,"Other"
404,138,206,"Other"
426,4.5,206,"Other"
433,167,206,"Other"
436.5,217,206,"Other"
439,93.5,206,"Other"
449.5,48.5,206,"Other"
457,31.5,206,"Other"
461,167,206,"Other"
486.5,180.5,206,"Other"
489,190,206,"Other"
498,182,206,"Other"
314,35,204,"Other"
347,58,204,"Other"
398,202,204,"Other"
405,44,204,"Other"
432,101.5,204,"Other"
439.5,184.5,204,"Other"
474,192,204,"Other"
307.5,72.5,199,"Other"
332.5,173,199,"Other"
341,152.5,199,"Other"
346,91.5,199,"Other"
347,114,199,"Other"
352,35.5,199,"Other"
356,74.5,199,"Other"
360,79,199,"Other"
370,90.5,199,"Other"
370,111,199,"Other"
377.5,200.5,199,"Other"
379.5,170,199,"Other"
389.5,223,199,"Other"
399.5,64,199,"Other"
409.5,177,199,"Other"
411.5,197,199,"Other"
412.5,58.5,199,"Other"
413,85.5,199,"Other"
419,143.5,199,"Other"
427,93.5,199,"Other"
464,189,199,"Other"
310.5,135,196,"Other"
318,45.5,196,"Other"
345,17,196,"Other"
358,42,196,"Other"
360,212,196,"Other"
363,7.5,196,"Other"
372,28,196,"Other"
390,112,196,"Other"
395,168.5,196,"Other"
412,74.5,196,"Other"
419,200,196,"Other"
435,215,196,"Other"
458,178.5,196,"Other"
307.5,28,191,"Other"
318,242.5,191,"Other"
341.5,9,191,"Other"
352,193.5,191,"Other"
355,183,191,"Other"
363,137,191,"Other"
377.5,1,191,"Other"
383.5,33,191,"Other"
398,213,191,"Other"
407,57,191,"Other"
421.5,34.5,191,"Other"
431,148,191,"Other"
432.5,85,191,"Other"
434,185.5,191,"Other"
440,52.5,191,"Other"
447,36.5,191,"Other"
451.5,176,191,"Other"
452.5,112.5,191,"Other"
458,161.5,191,"Other"
458.5,9,191,"Other"
461,91,191,"Other"
468.5,138.5,191,"Other"
326,41,186,"Other"
380,183,186,"Other"
384,47,186,"Other"
385,92.5,186,"Other"
406,104.5,186,"Other"
412,196,186,"Other"
413,156,186,"Other"
421,63.5,186,"Other"
444,25.5,186,"Other"
461,98,186,"Other"
470,3.5,186,"Other"
485,108,186,"Other"
308.5,103.5,184,"Other"
322,61,184,"Other"
328,68,184,"Other"
332.5,140,184,"Other"
340,14.5,184,"Other"
342.5,78.5,184,"Other"
408,153.5,184,"Other"
409.5,116.5,184,"Other"
415.5,38.5,184,"Other"
420.5,72.5,184,"Other"
447,45,184,"Other"
455,195,184,"Other"
458,122,184,"Other"
463,50,184,"Other"
463.5,167,184,"Other"
310,179,179,"Other"
311,37.5,179,"Other"
318.5,48.5,179,"Other"
329,129,179,"Other"
357.5,39.5,179,"Other"
367.5,221,179,"Other"
384,41,179,"Other"
398.5,39,179,"Other"
398.5,55,179,"Other"
426.5,47.5,179,"Other"
442,217,179,"Other"
447,158,179,"Other"
476,130,179,"Other"
483,108.5,179,"Other"
492.5,96.5,179,"Other"
302.5,177,177,"Other"
308,131,177,"Other"
309,171.5,177,"Other"
318,135,177,"Other"
325,31,177,"Other"
346,122.5,177,"Other"
346.5,110,177,"Other"
347,35,177,"Other"
347,177,177,"Other"
352.5,157.5,177,"Other"
355,155,177,"Other"
380,131.5,177,"Other"
381,149.5,177,"Other"
382,137,177,"Other"
384.5,129,177,"Other"
392,49.5,177,"Other"
394.5,206.5,177,"Other"
397,220,177,"Other"
402,115.5,177,"Other"
408.5,211.5,177,"Other"
411,165.5,177,"Other"
416,18,177,"Other"
418,50,177,"Other"
422.5,165.5,177,"Other"
432,186,177,"Other"
437.5,43.5,177,"Other"
439.5,169.5,177,"Other"
455,14,177,"Other"
460.5,164,177,"Other"
467,146.5,177,"Other"
467,197,177,"Other"
479,198,177,"Other"
483.5,127.5,177,"Other"
489.5,209.5,177,"Other"
495,169.5,177,"Other"
311.5,237,172,"Other"
314,137.5,172,"Other"
325,12,172,"Other"
329.5,174,172,"Other"
332,166.5,172,"Other"
336.5,182,172,"Other"
344,97.5,172,"Other"
362,100.5,172,"Other"
363.5,79,172,"Other"
366.5,94.5,172,"Other"
372,177,172,"Other"
374,18,172,"Other"
379.5,141,172,"Other"
382,91.5,172,"Other"
395.5,212,172,"Other"
402,124,172,"Other"
404.5,219.5,172,"Other"
405,213,172,"Other"
412.5,10,172,"Other"
415,169,172,"Other"
423,23.5,172,"Other"
426.5,39,172,"Other"
432.5,208.5,172,"Other"
433,89,172,"Other"
456,126.5,172,"Other"
476,194.5,172,"Other"
493,106,172,"Other"
314,176.5,167,"Other"
320,144,167,"Other"
321.5,74,167,"Other"
321.5,86.5,167,"Other"
338,131.5,167,"Other"
342,167.5,167,"Other"
348,161.5,167,"Other"
352,165.5,167,"Other"
354,61,167,"Other"
368.5,157.5,167,"Other"
381.5,128.5,167,"Other"
387,203.5,167,"Other"
398,122,167,"Other"
401.5,112.5,167,"Other"
402.5,134.5,167,"Other"
408,82,167,"Other"
411.5,198.5,167,"Other"
412,106,167,"Other"
413,197,167,"Other"
421.5,208,167,"Other"
437,98.5,167,"Other"
450,107,167,"Other"
458.5,154,167,"Other"
465,164.5,167,"Other"
470.5,154.5,167,"Other"
471,102,167,"Other"
487,168.5,167,"Other"
493.5,202,167,"Other"
494,217,167,"Other"
496.5,194.5,167,"Other"
329.5,46.5,165,"Other"
343,136.5,165,"Other"
361,17.5,165,"Other"
367,87,165,"Other"
381.5,100,165,"Other"
381.5,219.5,165,"Other"
382.5,45,165,"Other"
385,159.5,165,"Other"
392,204.5,165,"Other"
404.5,40,165,"Other"
418,82,165,"Other"
418.5,145.5,165,"Other"
449,125,165,"Other"
452.5,183.5,165,"Other"
472,132.5,165,"Other"
484.5,136,165,"Other"
488,188.5,165,"Other"
304,238,161,"Other"
314,152,161,"Other"
314.5,59,161,"Other"
315.5,23,161,"Other"
329.5,155,161,"Other"
336,146,161,"Other"
345.5,186.5,161,"Other"
351.5,120,161,"Other"
377.5,140,161,"Other"
379.5,110,161,"Other"
382,72,161,"Other"
389.5,7.5,161,"Other"
404,39,161,"Other"
410,167,161,"Other"
419.5,125,161,"Other"
424,125.5,161,"Other"
442.5,51,161,"Other"
445,90,161,"Other"
459,92.5,161,"Other"
476.5,216,161,"Other"
311,65,158,"Other"
312.5,70.5,158,"Other"
313,16.5,158,"Other"
316,55,158,"Other"
317,173.5,158,"Other"
320,138.5,158,"Other"
351.5,68,158,"Other"
353,208,158,"Other"
379.5,123,158,"Other"
389,15.5,158,"Other"
397,46.5,158,"Other"
399,1,158,"Other"
401,214.5,158,"Other"
409.5,16,158,"Other"
428,10,158,"Other"
433.5,109.5,158,"Other"
437,192.5,158,"Other"
439.5,106,158,"Other"
449.5,226.5,158,"Other"
477,175,158,"Other"
488.5,126,158,"Other"
494,186,158,"Other"
494,190.5,158,"Other"
302.5,55.5,154,"Other"
314,129.5,154,"Other"
320,175,154,"Other"
321.5,106.5,154,"Other"
324,96.5,154,"Other"
328,102,154,"Other"
329,74,154,"Other"
357.5,32.5,154,"Other"
363,56,154,"Other"
365.5,217,154,"Other"
378.5,170.5,154,"Other"
394.5,133,154,"Other"
395,7,154,"Other"
409,75,154,"Other"
424,147.5,154,"Other"
426.5,42.5,154,"Other"
430,141,154,"Other"
430.5,180,154,"Other"
434,44,154,"Other"
442,2,154,"Other"
443.5,82,154,"Other"
454,185,154,"Other"
459,114.5,154,"Other"
459.5,151,154,"Other"
462,10,154,"Other"
478.5,180,154,"Other"
479.5,185,154,"Other"
481.5,161.5,154,"Other"
486,154,154,"Other"
489,114,154,"Other"
302,3,150,"Other"
311,105.5,150,"Other"
326,18,150,"Other"
330.5,8,150,"Other"
340,158,150,"Other"
345,161,150,"Other"
355,85,150,"Other"
365.5,119.5,150,"Other"
378,45,150,"Other"
382,30,150,"Other"
397,215,150,"Other"
407,134,150,"Other"
408.5,136,150,"Other"
414,157,150,"Other"
425,118,150,"Other"
426,189,150,"Other"
428,86,150,"Other"
435,100,150,"Other"
440.5,108.5,150,"Other"
447,169.5,150,"Other"
453.5,38,150,"Other"
462.5,168,150,"Other"
478,219,150,"Other"
480.5,107,150,"Other"
303.5,128,147,"Other"
308,178.5,147,"Other"
316,122,147,"Other"
317,77.5,147,"Other"
334,61,147,"Other"
342.5,169,147,"Other"
348.5,207,147,"Other"
349,197.5,147,"Other"
351,80,147,"Other"
358,96,147,"Other"
364,188,147,"Other"
371,115,147,"Other"
376,107.5,147,"Other"
387,157.5,147,"Other"
391,18.5,147,"Other"
413.5,51.5,147,"Other"
434.5,160.5,147,"Other"
439.5,111,147,"Other"
442.5,28.5,147,"Other"
451.5,139,147,"Other"
461.5,35.5,147,"Other"
466,145,147,"Other"
466,161,147,"Other"
469,227,147,"Other"
491,165,147,"Other"
310,182,143,"Other"
314.5,70,143,"Other"
317,5,143,"Other"
337,29.5,143,"Other"
380,31,143,"Other"
390.5,153,143,"Other"
411.5,177,143,"Other"
423,184,143,"Other"
440,185.5,143,"Other"
495,129,143,"Other"
302,239,141,"Other"
310,182,141,"Other"
322.5,177.5,141,"Other"
333,13,141,"Other"
349,71.5,141,"Other"
364.5,160,141,"Other"
388,29,141,"Other"
396,20.5,141,"Other"
405,40,141,"Other"
409,53.5,141,"Other"
420.5,171,141,"Other"
423.5,76.5,141,"Other"
437.5,32.5,141,"Other"
461,181,141,"Other"
464,146.5,141,"Other"
465.5,44.5,141,"Other"
465.5,208.5,141,"Other"
468,228,141,"Other"
471,147,141,"Other"
473,140.5,141,"Other"
485,135,141,"Other"
496.5,158.5,141,"Other"
303.5,169,137,"Other"
312,183.5,137,"Other"
315,13.5,137,"Other"
324,11.5,137,"Other"
324,80.5,137,"Other"
325,53,137,"Other"
342,114,137,"Other"
362,65,137,"Other"
368,176,137,"Other"
373,148,137,"Other"
387.5,97,137,"Other"
388.5,54,137,"Other"
392,205,137,"Other"
399.5,184,137,"Other"
400.5,107.5,137,"Other"
404.5,181.5,137,"Other"
410,45.5,137,"Other"
413.5,186,137,"Other"
414,223,137,"Other"
427,46,137,"Other"
446.5,140.5,137,"Other"
449,184.5,137,"Other"
455,19.5,137,"Other"
468.5,35.5,137,"Other"
469,3,137,"Other"
486.5,139,137,"Other"
499,107.5,137,"Other"
302,116,135,"Other"
313,120,135,"Other"
345.5,12.5,135,"Other"
352.5,92,135,"Other"
355,135,135,"Other"
358,215,135,"Other"
362,12,135,"Other"
368,101.5,135,"Other"
370,33.5,135,"Other"
370.5,29.5,135,"Other"
372.5,4.5,135,"Other"
375,212,135,"Other"
377,192.5,135,"Other"
398.5,78,135,"Other"
416,103,135,"Other"
420,86.5,135,"Other"
423.5,195,135,"Other"
432,187,135,"Other"
438,53.5,135,"Other"
438.5,80.5,135,"Other"
454,44,135,"Other"
460,202,135,"Other"
463,181,135,"Other"
489.5,160.5,135,"Other"
305,17,131,"Other"
305,93,131,"Other"
308,223,131,"Other"
312,72.5,131,"Other"
323,96,131,"Other"
333,114.5,131,"Other"
335.5,113,131,"Other"
344,40,131,"Other"
354,101.5,131,"Other"
357,200.5,131,"Other"
361,159.5,131,"Other"
364,77,131,"Other"
366.5,54.5,131,"Other"
368.5,167,131,"Other"
370,136.5,131,"Other"
376,180.5,131,"Other"
381.5,4,131,"Other"
382,48,131,"Other"
398,125,131,"Other"
408.5,27,131,"Other"
432,40.5,131,"Other"
432.5,49,131,"Other"
432.5,102.5,131,"Other"
445,121,131,"Other"
448,88,131,"Other"
456.5,197,131,"Other"
458,11.5,131,"Other"
460,115,131,"Other"
460,211.5,131,"Other"
470,226,131,"Other"
495.5,164.5,131,"Other"
498.5,143.5,131,"Other"
300.5,141.5,127,"Other"
313,8.5,127,"Other"
314.5,64,127,"Other"
315,247.5,127,"Other"
326,165,127,"Other"
327.5,99,127,"Other"
328,17,127,"Other"
332.5,113,127,"Other"
338,166.5,127,"Other"
339,67,127,"Other"
342,49.5,127,"Other"
345.5,197.5,127,"Other"
347,27,127,"Other"
351.5,122.5,127,"Other"
353,198,127,"Other"
358,183,127,"Other"
377,55.5,127,"Other"
379,114,127,"Other"
383,13,127,"Other"
385,87.5,127,"Other"
386,59.5,127,"Other"
404,57.5,127,"Other"
406.5,65,127,"Other"
408.5,2,127,"Other"
410.5,46,127,"Other"
415.5,191,127,"Other"
418.5,106.5,127,"Other"
419,30,127,"Other"
422,224.5,127,"Other"
427,122.5,127,"Other"
436.5,22.5,127,"Other"
441,188,127,"Other"
441.5,105.5,127,"Other"
441.5,163.5,127,"Other"
446,153,127,"Other"
452.5,154.5,127,"Other"
452.5,164.5,127,"Other"
456,101.5,127,"Other"
456,162,127,"Other"
463,173,127,"Other"
463.5,156,127,"Other"
473,180.5,127,"Other"
474.5,4.5,127,"Other"
482,106,127,"Other"
490,143,127,"Other"
494.5,219.5,127,"Other"
301,78.5,125,"Other"
303,63.5,125,"Other"
304,167.5,125,"Other"
315,4.5,125,"Other"
338.5,135,125,"Other"
341,98.5,125,"Other"
345.5,118,125,"Other"
356.5,176,125,"Other"
362,158,125,"Other"
363,152,125,"Other"
384,150,125,"Other"
385.5,25.5,125,"Other"
388,41.5,125,"Other"
392.5,98.5,125,"Other"
399,94,125,"Other"
399.5,105,125,"Other"
400.5,192.5,125,"Other"
408,148,125,"Other"
415.5,201.5,125,"Other"
425,205,125,"Other"
427.5,170,125,"Other"
466.5,165,125,"Other"
302.5,127,121,"Other"
304.5,139.5,121,"Other"
324,161,121,"Other"
337,24,121,"Other"
349,14,121,"Other"
383,114.5,121,"Other"
392,79.5,121,"Other"
398.5,120.5,121,"Other"
400,4,121,"Other"
400,166,121,"Other"
401,95.5,121,"Other"
407,208.5,121,"Other"
410,150,121,"Other"
411.5,33.5,121,"Other"
412,1.5,121,"Other"
418.5,177,121,"Other"
436,224,121,"Other"
441,65,121,"Other"
448,15,121,"Other"
448,28.5,121,"Other"
452.5,56.5,121,"Other"
458,146.5,121,"Other"
462,39,121,"Other"
467,15,121,"Other"
478,104.5,121,"Other"
484,212,121,"Other"
491.5,143.5,121,"Other"
497,174.5,121,"Other"
303.5,200.5,119,"Other"
351.5,45,119,"Other"
359,59,119,"Other"
360,17,119,"Other"
386.5,215,119,"Other"
390,48,119,"Other"
400,88,119,"Other"
401,151,119,"Other"
409.5,105.5,119,"Other"
420.5,80.5,119,"Other"
422,193,119,"Other"
433.5,156.5,119,"Other"
441.5,33,119,"Other"
449.5,115.5,119,"Other"
459.5,145,119,"Other"
463,204,119,"Other"
487,192,119,"Other"
304,247.5,115,"Other"
304.5,222,115,"Other"
305,145.5,115,"Other"
307,172,115,"Other"
307.5,87,115,"Other"
315.5,135,115,"Other"
328.5,57,115,"Other"
341,34.5,115,"Other"
343.5,178,115,"Other"
344.5,106,115,"Other"
347.5,53.5,115,"Other"
348,176,115,"Other"
353.5,85,115,"Other"
356,5,115,"Other"
356.5,115,115,"Other"
358,110.5,115,"Other"
364.5,98.5,115,"Other"
370,47,115,"Other"
375,73,115,"Other"
383.5,170,115,"Other"
384.5,177,115,"Other"
401,206,115,"Other"
404,149,115,"Other"
418,152,115,"Other"
423.5,123,115,"Other"
424,21.5,115,"Other"
433,210,115,"Other"
439,176,115,"Other"
445,1,115,"Other"
450,129.5,115,"Other"
452.5,32,115,"Other"
459,115,115,"Other"
461.5,156,115,"Other"
471,134.5,115,"Other"
476.5,160,115,"Other"
479,158,115,"Other"
482,180.5,115,"Other"
483,113,115,"Other"
302,49.5,111,"Other"
304,101,111,"Other"
309,229.5,111,"Other"
313,226,111,"Other"
315.5,150,111,"Other"
320.5,112.5,111,"Other"
326,27.5,111,"Other"
348,196.5,111,"Other"
358.5,55.5,111,"Other"
368,67,111,"Other"
370,75,111,"Other"
390,137.5,111,"Other"
397.5,72.5,111,"Other"
398,74.5,111,"Other"
399,11,111,"Other"
407,129,111,"Other"
416.5,72.5,111,"Other"
422.5,3,111,"Other"
426,192.5,111,"Other"
438.5,136,111,"Other"
441.5,39,111,"Other"
443,24,111,"Other"
460,15,111,"Other"
467,142,111,"Other"
482,130.5,111,"Other"
490,152.5,111,"Other"
497,94.5,111,"Other"
310,212.5,109,"Other"
314.5,184,109,"Other"
316.5,142,109,"Other"
321.5,160.5,109,"Other"
322,128.5,109,"Other"
334.5,92.5,109,"Other"
338.5,108.5,109,"Other"
342.5,13,109,"Other"
357,13,109,"Other"
357.5,52.5,109,"Other"
361,129,109,"Other"
365,198,109,"Other"
374,88.5,109,"Other"
388,133,109,"Other"
395,30,109,"Other"
396,38.5,109,"Other"
396,126,109,"Other"
404.5,95.5,109,"Other"
405,140.5,109,"Other"
416,30.5,109,"Other"
418,50.5,109,"Other"
419.5,19,109,"Other"
422,186.5,109,"Other"
423.5,29.5,109,"Other"
435,13,109,"Other"
437,90,109,"Other"
439.5,59.5,109,"Other"
440,105,109,"Other"
444,185,109,"Other"
446.5,118,109,"Other"
451,153,109,"Other"
457,121,109,"Other"
461,22,109,"Other"
465,46.5,109,"Other"
465,167,109,"Other"
466,4.5,109,"Other"
472,198,109,"Other"
478.5,122,109,"Other"
479.5,143,109,"Other"
498,147.5,109,"Other"
303,144.5,106,"Other"
317,25,106,"Other"
332.5,67,106,"Other"
341,131.5,106,"Other"
360,178.5,106,"Other"
361,39.5,106,"Other"
362,52,106,"Other"
367,171,106,"Other"
371.5,75,106,"Other"
387,167,106,"Other"
395.5,37.5,106,"Other"
404.5,24,106,"Other"
413,10,106,"Other"
414,92.5,106,"Other"
425.5,53,106,"Other"
435.5,134.5,106,"Other"
445,83.5,106,"Other"
448.5,159.5,106,"Other"
450,191,106,"Other"
462,156,106,"Other"
464,229,106,"Other"
468.5,176.5,106,"Other"
471,169,106,"Other"
481.5,204,106,"Other"
300.5,209.5,104,"Other"
314.5,129,104,"Other"
316,162.5,104,"Other"
317.5,157.5,104,"Other"
338.5,165.5,104,"Other"
341,40,104,"Other"
345,10.5,104,"Other"
347.5,150,104,"Other"
349,25,104,"Other"
352.5,46.5,104,"Other"
354.5,202,104,"Other"
359,45,104,"Other"
366,165,104,"Other"
368,84.5,104,"Other"
371.5,63,104,"Other"
379.5,200,104,"Other"
381.5,2,104,"Other"
386.5,92,104,"Other"
388,146,104,"Other"
391,104.5,104,"Other"
395.5,170,104,"Other"
401,146,104,"Other"
403,186,104,"Other"
406.5,117,104,"Other"
408,9.5,104,"Other"
412,47,104,"Other"
413,23.5,104,"Other"
423.5,133.5,104,"Other"
430,56.5,104,"Other"
438,72,104,"Other"
440,141.5,104,"Other"
441.5,226,104,"Other"
445.5,33,104,"Other"
449,136.5,104,"Other"
457.5,159,104,"Other"
461,101,104,"Other"
469,119,104,"Other"
470,98,104,"Other"
477,133,104,"Other"
491,167.5,104,"Other"
310,182,100,"Other"
338,103,100,"Other"
340.5,119,100,"Other"
345,35,100,"Other"
358,17.5,100,"Other"
359.5,59,100,"Other"
367,117,100,"Other"
369,168,100,"Other"
370,92.5,100,"Other"
372.5,184,100,"Other"
373,157.5,100,"Other"
375.5,217,100,"Other"
379.5,207,100,"Other"
387,34.5,100,"Other"
387,73,100,"Other"
391,22,100,"Other"
401,140.5,100,"Other"
408.5,151.5,100,"Other"
417,85.5,100,"Other"
423,147,100,"Other"
435.5,73,100,"Other"
437,130,100,"Other"
444.5,123.5,100,"Other"
455.5,118.5,100,"Other"
455.5,149,100,"Other"
459,147,100,"Other"
462,4,100,"Other"
468.5,25,100,"Other"
482,138.5,100,"Other"
483.5,128,100,"Other"
498.5,98,100,"Other"
302.5,124,97,"Other"
304.5,136.5,97,"Other"
304.5,215.5,97,"Other"
306,103.5,97,"Other"
319,118,97,"Other"
320,120,97,"Other"
323,13.5,97,"Other"
324,50,97,"Other"
327.5,177,97,"Other"
328,94.5,97,"Other"
339,171.5,97,"Other"
353.5,126.5,97,"Other"
364,3.5,97,"Other"
380,49.5,97,"Other"
386.5,169.5,97,"Other"
388.5,146,97,"Other"
393,114.5,97,"Other"
416,215,97,"Other"
418.5,62.5,97,"Other"
418.5,104,97,"Other"
419.5,171,97,"Other"
427,5,97,"Other"
427,92.5,97,"Other"
428,68,97,"Other"
433,228,97,"Other"
448.5,216,97,"Other"
452,30,97,"Other"
463,110,97,"Other"
463.5,185,97,"Other"
463.5,202,97,"Other"
464,10,97,"Other"
472,145,97,"Other"
479.5,125.5,97,"Other"
480.5,186,97,"Other"
480.5,209,97,"Other"
480.5,215,97,"Other"
481.5,160.5,97,"Other"
482.5,110,97,"Other"
483.5,166.5,97,"Other"
487,135,97,"Other"
488.5,112,97,"Other"
489.5,219,97,"Other"
495.5,109.5,97,"Other"
498,108,97,"Other"
303.5,0.5,95,"Other"
318,249.5,95,"Other"
323.5,183.5,95,"Other"
335.5,30,95,"Other"
339.5,185,95,"Other"
343.5,88,95,"Other"
348,140,95,"Other"
352.5,183,95,"Other"
354.5,141,95,"Other"
355,10.5,95,"Other"
358,153.5,95,"Other"
364,71,95,"Other"
371,53.5,95,"Other"
373,68,95,"Other"
375.5,17.5,95,"Other"
377.5,179,95,"Other"
379,176,95,"Other"
380,48.5,95,"Other"
382,203,95,"Other"
405.5,37.5,95,"Other"
410.5,201.5,95,"Other"
411,124,95,"Other"
411,140,95,"Other"
413.5,74,95,"Other"
419,7,95,"Other"
419.5,196.5,95,"Other"
425,42,95,"Other"
428.5,107,95,"Other"
454.5,44,95,"Other"
457,173.5,95,"Other"
460,106,95,"Other"
468,171,95,"Other"
471,189,95,"Other"
472,121.5,95,"Other"
477,131,95,"Other"
489,90.5,95,"Other"
496,116.5,95,"Other"
497,185.5,95,"Other"
497.5,160,95,"Other"
306.5,227.5,92,"Other"
309,107.5,92,"Other"
309.5,131,92,"Other"
314,137,92,"Other"
327,115.5,92,"Other"
327.5,151,92,"Other"
328,49.5,92,"Other"
339.5,193,92,"Other"
339.5,200,92,"Other"
341,142,92,"Other"
342.5,3,92,"Other"
349,113.5,92,"Other"
349.5,47,92,"Other"
360.5,21,92,"Other"
363,96,92,"Other"
366.5,63,92,"Other"
379.5,108.5,92,"Other"
384,108.5,92,"Other"
386.5,213,92,"Other"
390.5,192,92,"Other"
393.5,166,92,"Other"
396,57,92,"Other"
400,162,92,"Other"
403.5,186,92,"Other"
411,77.5,92,"Other"
419,109.5,92,"Other"
419.5,24.5,92,"Other"
421,39,92,"Other"
423.5,41,92,"Other"
432,139.5,92,"Other"
432,190,92,"Other"
442,50,92,"Other"
445,142,92,"Other"
449,36.5,92,"Other"
451,9,92,"Other"
452.5,222.5,92,"Other"
454,87,92,"Other"
456,220,92,"Other"
460,145,92,"Other"
461,119,92,"Other"
462,177,92,"Other"
478.5,115,92,"Other"
490.5,190,92,"Other"
491.5,140,92,"Other"
494,172.5,92,"Other"
301.5,58,90,"Other"
305,44.5,90,"Other"
307,29.5,90,"Other"
311.5,63,90,"Other"
325,145,90,"Other"
334.5,49.5,90,"Other"
348,1.5,90,"Other"
359.5,163.5,90,"Other"
360,97,90,"Other"
361,46.5,90,"Other"
362,103,90,"Other"
366.5,9,90,"Other"
366.5,75.5,90,"Other"
379,199.5,90,"Other"
380,141.5,90,"Other"
380,184,90,"Other"
386,132,90,"Other"
387.5,96,90,"Other"
390.5,99,90,"Other"
391,175.5,90,"Other"
401,141,90,"Other"
401,208,90,"Other"
402.5,166,90,"Other"
405.5,126.5,90,"Other"
419,38,90,"Other"
433,117.5,90,"Other"
438,84.5,90,"Other"
438,150,90,"Other"
443,135,90,"Other"
445,217,90,"Other"
445.5,36.5,90,"Other"
446,177,90,"Other"
452,3,90,"Other"
453.5,32,90,"Other"
456,229,90,"Other"
469.5,190.5,90,"Other"
495.5,127,90,"Other"
307,155.5,87,"Other"
308,15,87,"Other"
312,87,87,"Other"
318,73,87,"Other"
320.5,106.5,87,"Other"
321,3.5,87,"Other"
329.5,48.5,87,"Other"
330,153.5,87,"Other"
331,105,87,"Other"
332,12,87,"Other"
350.5,27,87,"Other"
355,139.5,87,"Other"
358,166.5,87,"Other"
358.5,191,87,"Other"
359,200.5,87,"Other"
364.5,207.5,87,"Other"
367,217.5,87,"Other"
373,194.5,87,"Other"
373.5,180.5,87,"Other"
374,79,87,"Other"
374.5,83,87,"Other"
376.5,110,87,"Other"
381.5,198.5,87,"Other"
388.5,122,87,"Other"
395,123,87,"Other"
395.5,108.5,87,"Other"
396.5,65.5,87,"Other"
398.5,189,87,"Other"
401,66,87,"Other"
402,137,87,"Other"
406,138.5,87,"Other"
409.5,66.5,87,"Other"
412.5,141,87,"Other"
416,169,87,"Other"
417,80.5,87,"Other"
421,117,87,"Other"
423,58,87,"Other"
428.5,149.5,87,"Other"
429.5,130.5,87,"Other"
434,99.5,87,"Other"
443.5,163.5,87,"Other"
445,134,87,"Other"
454.5,55,87,"Other"
458,107,87,"Other"
462,130.5,87,"Other"
479,118,87,"Other"
485.5,97,87,"Other"
493,122,87,"Other"
499,212.5,87,"Other"
500,165.5,87,"Other"
306,59,83,"Other"
315,85.5,83,"Other"
320,109.5,83,"Other"
322,90,83,"Other"
334.5,122.5,83,"Other"
342,6.5,83,"Other"
356,12,83,"Other"
363,1,83,"Other"
366,108.5,83,"Other"
371.5,183.5,83,"Other"
386.5,200,83,"Other"
391,86,83,"Other"
392.5,123,83,"Other"
393.5,188.5,83,"Other"
401,30.5,83,"Other"
408,46,83,"Other"
414.5,143,83,"Other"
423,77,83,"Other"
435,158.5,83,"Other"
435,216.5,83,"Other"
436.5,74,83,"Other"
440,115,83,"Other"
447,50.5,83,"Other"
450,119,83,"Other"
453.5,140,83,"Other"
455,106,83,"Other"
456,159.5,83,"Other"
466,117,83,"Other"
466.5,27,83,"Other"
480,124,83,"Other"
303.5,57,82,"Other"
304.5,61.5,82,"Other"
304.5,72,82,"Other"
313,63.5,82,"Other"
313.5,141,82,"Other"
322,79,82,"Other"
324,121,82,"Other"
330.5,133.5,82,"Other"
333,90,82,"Other"
338,46,82,"Other"
341,66,82,"Other"
342,118,82,"Other"
343,98.5,82,"Other"
349,39,82,"Other"
366,85,82,"Other"
385,16.5,82,"Other"
387,20,82,"Other"
387,183.5,82,"Other"
389.5,221,82,"Other"
393,52.5,82,"Other"
405,16,82,"Other"
406,109.5,82,"Other"
408.5,153.5,82,"Other"
411.5,178,82,"Other"
412,101,82,"Other"
413,175.5,82,"Other"
415,22,82,"Other"
415,169.5,82,"Other"
416.5,215,82,"Other"
420.5,75.5,82,"Other"
420.5,128,82,"Other"
422,191,82,"Other"
423,45,82,"Other"
423,52,82,"Other"
425,221.5,82,"Other"
428,88.5,82,"Other"
428.5,15,82,"Other"
429.5,13,82,"Other"
437,77,82,"Other"
447,45.5,82,"Other"
448,143.5,82,"Other"
459.5,15,82,"Other"
459.5,17.5,82,"Other"
466,198.5,82,"Other"
467,177.5,82,"Other"
479.5,117.5,82,"Other"
481.5,147.5,82,"Other"
488,183,82,"Other"
499,177.5,82,"Other"
311.5,71,79,"Other"
330,81.5,79,"Other"
339,112,79,"Other"
352.5,99,79,"Other"
353,205,79,"Other"
358,37,79,"Other"
363,2,79,"Other"
382,127.5,79,"Other"
388.5,134,79,"Other"
398,42.5,79,"Other"
415,31.5,79,"Other"
419,39.5,79,"Other"
425.5,43.5,79,"Other"
428,50,79,"Other"
443,56,79,"Other"
445.5,87,79,"Other"
457,85,79,"Other"
458,126.5,79,"Other"
460.5,53,79,"Other"
463,206,79,"Other"
483.5,170,79,"Other"
